Day_Fraction_Since_Midnight	pH_Probe	Air_Slope	Air_Valve_Control
0.628707843	7.703532696	0	NaN
0.628719421	7.740653515	0	NaN
0.628730985	7.710544586	0	NaN
0.628742578	7.721500874	0	NaN
0.628754134	7.708155155	0	NaN
0.628765734	7.739886284	0	NaN
0.628777304	7.747116089	0	NaN
0.628788869	7.724098682	0	NaN
0.628800459	7.725754738	0	NaN
0.628812006	7.715181351	0	NaN
0.628823586	7.732104302	0	NaN
0.628835168	7.699095726	0	NaN
0.62884676	7.702982426	0	NaN
0.628858312	7.690191269	0	NaN
0.628869885	7.697873116	0	NaN
0.628881462	7.677591801	0	NaN
0.628893024	7.690347195	0	NaN
0.628904616	7.67455101	0	NaN
0.628916181	7.683494091	0	NaN
0.628927763	7.675514698	0	NaN
0.628939343	7.6706357	0	NaN
0.628950926	7.665511131	0	NaN
0.628962476	7.665429115	0	NaN
0.628974064	7.660498142	0	NaN
0.628985629	7.654603481	0	NaN
0.628997213	7.654821873	0	NaN
0.629008789	7.659444332	0	NaN
0.629020353	7.649226189	0	NaN
0.629031915	7.65035677	0	NaN
0.629043516	7.640748978	0	NaN
0.62905509	7.646109581	0	NaN
0.629066667	7.632881641	0	NaN
0.629078219	7.639780998	0	NaN
0.629089787	7.629252434	0	NaN
0.629101369	7.631704807	0	NaN
0.629112934	7.625369072	0	NaN
0.629124521	7.629765034	0	NaN
0.629136082	7.615182877	0	NaN
0.629147684	7.609873295	0	NaN
0.629159246	7.621940136	0	NaN
0.629170818	7.615326405	0	NaN
0.629182392	7.612476826	0	NaN
0.629193959	7.597315788	0	NaN
0.629205544	7.600439072	0	NaN
0.629217108	7.590816021	0	NaN
0.629228671	7.597671509	0	NaN
0.629240274	7.591598988	0	NaN
0.629251835	7.586707115	0	NaN
0.629263405	7.583460331	0	NaN
0.629274988	7.58020401	0	NaN
0.629286541	7.573890209	0	NaN
0.629298139	7.578739166	0	NaN
0.629309689	7.573389053	0	NaN
0.629321293	7.577348232	0	NaN
0.629332837	7.561548233	0	NaN
0.629344438	7.57015419	0	NaN
0.629355988	7.550822258	0	NaN
0.629367576	7.55753088	0	NaN
0.629379151	7.547173023	0	NaN
0.629390729	7.549800396	0	NaN
0.629402295	7.544875622	0	NaN
0.629413885	7.539330959	0	NaN
0.629425435	7.537518978	0	NaN
0.62943705	7.526961327	0	NaN
0.629448591	7.535512924	0	NaN
0.629460156	7.524630547	0	NaN
0.629471742	7.529715538	0	NaN
0.629483302	7.512214184	0	NaN
0.629494881	7.518584251	0	NaN
0.629506452	7.503791809	0	NaN
0.629518037	7.511949539	0	NaN
0.629529624	7.49973774	0	NaN
0.629541181	7.506367207	0	NaN
0.629552744	7.500449657	0	NaN
0.62956433	7.503064156	0	NaN
0.6295759	7.486989021	0	NaN
0.62958748	7.490295887	0	NaN
0.629599084	7.477430821	0	NaN
0.629610615	7.483624458	0	NaN
0.62962221	7.474217892	0	NaN
0.629633778	7.480994225	0	NaN
0.629645341	7.469792843	0	NaN
0.629656912	7.474323273	0	NaN
0.629668507	7.465622425	0	NaN
0.629680085	7.464301109	0	NaN
0.629691656	7.461398602	0	NaN
0.629703211	7.457532883	0	NaN
0.629714802	7.457980156	0	NaN
0.629726384	7.450429916	0	NaN
0.629737958	7.450763702	0	NaN
0.629749506	7.444261074	0	NaN
0.6297611	7.447756767	0	NaN
0.629772656	7.433615685	0	NaN
0.629784245	7.437282085	0	NaN
0.629795801	7.428470135	0	NaN
0.629807379	7.435198784	0	NaN
0.629818971	7.423908711	0	NaN
0.629830527	7.429354191	0	NaN
0.629842119	7.41868782	0	NaN
0.6298537	7.425247669	0	NaN
0.629865247	7.416594029	0	NaN
0.629876847	7.423495293	0	NaN
0.629888394	7.413088799	0	NaN
0.629899968	7.415708542	0	NaN
0.629911571	7.404719353	0	NaN
0.62992313	7.411315918	0	NaN
0.629934709	7.399627209	0	NaN
0.629946295	7.404326916	0	NaN
0.629957857	7.393560886	0	NaN
0.629969415	7.399686813	0	NaN
0.629980996	7.386715412	0	NaN
0.629992563	7.396677494	0	NaN
0.630004156	7.39011097	0	NaN
0.630015741	7.384693623	0	NaN
0.630027301	7.38270092	0	NaN
0.630038871	7.375121117	0	NaN
0.63005046	7.378935337	0	NaN
0.630062038	7.370481014	0	NaN
0.630073591	7.371557236	0	NaN
0.630085176	7.370128632	0	NaN
0.630096741	7.370893955	0	NaN
0.630108306	7.360062122	0	NaN
0.630119894	7.362682819	0	NaN
0.630131473	7.354948044	0	NaN
0.630143023	7.35804081	0	NaN
0.63015461	7.356221676	0	NaN
0.630166173	7.352360725	0	NaN
0.630177775	7.349693775	0	NaN
0.630189352	7.348327637	0	NaN
0.630200902	7.338024139	0	NaN
0.630212469	7.345527649	0	NaN
0.630224052	7.331745148	0	NaN
0.630235647	7.343773365	0	NaN
0.630247196	7.330210686	0	NaN
0.630258782	7.339690685	0	NaN
0.630270337	7.327653885	0	NaN
0.630281922	7.334226608	0	NaN
0.630293485	7.323464394	0	NaN
0.630305069	7.320633411	0	NaN
0.630316658	7.318348408	0	NaN
0.630328229	7.315854549	0	NaN
0.630339824	7.31588316	0	NaN
0.630351367	7.310772896	0	NaN
0.630362944	7.306621075	0	NaN
0.630374518	7.298118115	0	NaN
0.630386085	7.305571556	0	NaN
0.630397666	7.298686028	0	NaN
0.630409243	7.302058697	0	NaN
0.630420815	7.299818993	0	NaN
0.630432404	7.299855232	0	NaN
0.630443954	7.296384335	0	NaN
0.630455551	7.294079781	0	NaN
0.630467102	7.284218788	0	NaN
0.630478672	7.28963232	0	NaN
0.630490255	7.279667854	0	NaN
0.630501831	7.286110401	0	NaN
0.630513395	7.274143219	0	NaN
0.630524972	7.285895348	0	NaN
0.630536559	7.266270161	0	NaN
0.630548148	7.277312756	0	NaN
0.6305597	7.260159016	0	NaN
0.630571267	7.269755364	0	NaN
0.630582839	7.262051582	0	NaN
0.63059444	7.267623901	0	NaN
0.630606009	7.264317513	0	NaN
0.630617568	7.266565323	0	NaN
0.630629165	7.259829998	0	NaN
0.630640741	7.253132343	0	NaN
0.630652304	7.250093937	0	NaN
0.630663868	7.248268604	0	NaN
0.630675441	7.251199722	0	NaN
0.630687014	7.247801781	0	NaN
0.63069861	7.247570992	0	NaN
0.630710168	7.246618271	0	NaN
0.63072174	7.243438721	0	NaN
0.630733322	7.237762928	0	NaN
0.630744897	7.239163876	0	NaN
0.630756465	7.235262871	0	NaN
0.630768035	7.235439777	0	NaN
0.63077961	7.225688934	0	NaN
0.630791203	7.232836723	0	NaN
0.630802769	7.225132942	0	NaN
0.630814326	7.225615025	0	NaN
0.630825916	7.213733673	0	NaN
0.630837486	7.224735737	0	NaN
0.630849044	7.208848476	0	NaN
0.630860624	7.222984314	0	NaN
0.630872195	7.219848633	0	NaN
0.630883784	7.217697144	0	NaN
0.630895344	7.214415073	0	NaN
0.630906923	7.207432747	0	NaN
0.630918506	7.20760107	0	NaN
0.630930072	7.201573372	0	NaN
0.630941634	7.210326195	0	NaN
0.630953237	7.208519936	0	NaN
0.630964797	7.210151196	0	NaN
0.630976373	7.196393967	0	NaN
0.630987929	7.195464134	0	NaN
0.63099951	7.188943386	0	NaN
0.631011079	7.193947315	0	NaN
0.631022682	7.187137127	0	NaN
0.631034232	7.188877583	0	NaN
0.6310458	7.183118343	0	NaN
0.631057419	7.184488297	0	NaN
0.631068976	7.169521332	0	NaN
0.63108054	7.177511692	0	NaN
0.631092117	7.169361591	0	NaN
0.631103679	7.180482388	0	NaN
0.63111525	7.169574261	0	NaN
0.631126844	7.178701401	0	NaN
0.6311384	7.166441441	0	NaN
0.631149994	7.170302868	0	NaN
0.631161569	7.157019138	0	NaN
0.631173133	7.164359093	0	NaN
0.631184698	7.160090923	0	NaN
0.631196276	7.162576675	0	NaN
0.631207836	7.161846638	0	NaN
0.631219424	7.156394005	0	NaN
0.631231016	7.150887489	0	NaN
0.631242593	7.14242506	0	NaN
0.63125415	7.146980286	0	NaN
0.631265725	7.14265585	0	NaN
0.631277312	7.147300243	0	NaN
0.631288871	7.141373634	0	NaN
0.631300436	7.147134304	0	NaN
0.631312015	7.144196987	0	NaN
0.631323594	7.140246391	0	NaN
0.631335174	7.136543274	0	NaN
0.631346733	7.136953354	0	NaN
0.6313583	7.131737232	0	NaN
0.631369889	7.141469955	0	NaN
0.631381481	7.130620003	0	NaN
0.631393024	7.137553692	0	NaN
0.631404607	7.119658947	0	NaN
0.63141618	7.130224228	0	NaN
0.631427756	7.116941452	0	NaN
0.631439349	7.126348019	0	NaN
0.631450915	7.118165493	0	NaN
0.631462476	7.123985291	0	NaN
0.631474054	7.121897697	0	NaN
0.631485644	7.117556572	0	NaN
0.631497194	7.115319252	0	NaN
0.631508791	7.111950398	0	NaN
0.63152037	7.112642765	0	NaN
0.631531918	7.106230736	0	NaN
0.6315435	7.11234951	0	NaN
0.631555078	7.114830017	0	NaN
0.631566643	7.105312824	0	NaN
0.631578209	7.101849079	0	NaN
0.63158981	7.098105431	0	NaN
0.631601367	7.097900391	0	NaN
0.631612947	7.091800213	0	NaN
0.63162453	7.101597786	0	NaN
0.631636089	7.101006985	0	NaN
0.631647665	7.096535206	0	NaN
0.631659226	7.097235203	0	NaN
0.631670801	7.082877159	0	NaN
0.631682404	7.089436531	0	NaN
0.631693965	7.083036423	0	NaN
0.631705554	7.088399887	0	NaN
0.631717123	7.07977438	0	NaN
0.63172868	7.094553947	0	NaN
0.631740252	7.077455998	0	NaN
0.631751832	7.081659317	0	NaN
0.631763397	7.074397564	0	NaN
0.631774966	7.081802845	0	NaN
0.631786571	7.079038143	0	NaN
0.631798126	7.086704254	0	NaN
0.631809712	7.086390972	0	NaN
0.63182127	7.076267719	0	NaN
0.631832865	7.08185482	0	NaN
0.631844416	7.074927807	0	NaN
0.631855985	7.10461998	0	NaN
0.631867567	7.134913921	0	NaN
0.631879143	7.140249252	0	NaN
0.631890729	7.121830463	0	NaN
0.631902287	7.124553204	0	NaN
0.631913858	7.11386776	0	NaN
0.631925443	7.103968144	0	NaN
0.631937027	7.109861851	0	NaN
0.631948605	7.118528843	0	NaN
0.631960176	7.115856171	0	NaN
0.631971745	7.133324146	0	NaN
0.631983317	7.105942726	0	NaN
0.631994894	7.111525059	0	NaN
0.632006469	7.092900753	0	NaN
0.632018038	7.101921082	0	NaN
0.632029613	7.085729599	0	NaN
0.632041185	7.115100861	0	NaN
0.632052737	7.087571144	0	NaN
0.632064351	7.1145854	0	NaN
0.632075902	7.076895714	0	NaN
0.632087478	7.091141224	0	NaN
0.632099051	7.089547157	0	NaN
0.632110628	7.104201794	0	NaN
0.632122193	7.10273695	0	NaN
0.632133773	7.112220287	0	NaN
0.63214534	7.096447945	0	NaN
0.632156922	7.097942829	0	NaN
0.632168475	7.089242935	0	NaN
0.632180074	7.095719814	0	NaN		
0.632191645	7.081246376	0	NaN
0.632203238	7.099500179	0	NaN
0.632214808	7.109399319	0	NaN
0.632226373	7.07780695	0	NaN
0.632237947	7.084475994	0	NaN
0.632249516	7.073231697	0	NaN
0.632261106	7.086968899	0	NaN
0.632272642	7.075600147	0	NaN
0.632284256	7.090189934	0	NaN
0.632295845	7.064377785	0	NaN
0.632307394	7.090727806	0	NaN
0.632318971	7.051111698	0	NaN
0.632330534	7.072671413	0	NaN
0.632342109	7.045119762	0	NaN
0.632353684	7.079576016	0	NaN
0.632365262	7.056031704	0	NaN
0.632376836	7.088356018	0	NaN
0.63238841	7.053804398	0	NaN
0.632399985	7.059671879	0	NaN
0.632411586	7.044952869	0	NaN
0.632423116	7.048866272	0	NaN
0.632434719	7.045860291	0	NaN
0.63244629	7.04348135	0	NaN
0.632457844	7.040075779	0	NaN
0.632469421	7.037479878	0	NaN
0.632480989	7.019857884	0	NaN
0.632492586	7.016414642	0	NaN
0.632504155	7.020641804	0	NaN
0.632515722	7.025676251	0	NaN
0.63252729	7.048834324	0	NaN
0.632538868	7.038954735	0	NaN
0.632550441	7.032335281	0	NaN
0.632562003	7.020458698	0	NaN
0.632573593	7.044650555	0	NaN
0.632585167	7.024356365	0	NaN
0.632596726	7.062900066	0	NaN
0.632608316	7.028958321	0	NaN
0.632619886	7.042851925	0	NaN
0.632631458	7.016010284	0	NaN
0.632643023	7.035118103	0	NaN
0.632654627	7.010396004	0	NaN
0.632666174	7.039881706	0	NaN
0.63267776	7.014159203	0	NaN
0.632689345	7.029821873	0	NaN
0.632700909	7.012871742	0	NaN
0.632712488	7.015152454	0	NaN
0.63272406	7.007443428	0	NaN
0.632735631	7.022611618	0	NaN
0.632747206	7.023372173	0	NaN
0.632758769	7.025731087	0	NaN
0.632770347	7.007891655	0	NaN
0.632781941	7.003590584	0	NaN
0.632793513	7.016177654	0	NaN
0.63280508	7.021247864	0	NaN
0.632816645	7.02584362	0	NaN
0.63282823	7.014598846	0	NaN
0.632839802	7.023210049	0	NaN
0.632851383	7.006481171	0	NaN
0.632862957	7.026257038	0	NaN
0.632874517	7.010125637	0	NaN
0.632886084	7.028651238	0	NaN
0.632897659	7.004881859	0	NaN
0.632909228	7.019467831	0	NaN
0.63292082	6.980054855	0	NaN
0.632932388	7.021647453	0	NaN
0.632943973	6.998027802	0	NaN
0.632955535	7.02875042	0	NaN
0.632967119	7.001607895	0	NaN
0.632978698	7.008295059	0	NaN
0.632990276	6.971923828	0	NaN
0.633001858	7.003742695	0	NaN
0.633013408	6.987946987	0	NaN
0.633024992	7.012738228	0	NaN
0.63303656	6.998445511	0	NaN
0.63304813	6.99834156	0	NaN
0.633059697	6.982746601	0	NaN
0.633071266	6.993431091	0	NaN
0.633082857	6.988170147	0	NaN
0.633094427	6.999331474	0	NaN
0.633105987	7.003086567	0	NaN
0.633117565	6.98428154	0	NaN
0.633129151	6.977932453	0	NaN
0.633140723	6.965632439	0	NaN
0.633152287	6.97795248	0	NaN
0.633163876	6.974040031	0	NaN
0.633175462	6.992568016	0	NaN
0.633187005	6.965454102	0	NaN
0.633198617	6.978444576	0	NaN
0.63321017	6.958863258	0	NaN
0.633221746	6.992251396	0	NaN
0.633233329	6.970394135	0	NaN
0.633244882	7.008119583	0	NaN
0.63325648	6.969815254	0	NaN
0.633268044	6.98554039	0	NaN
0.633279625	6.949170589	0	NaN
0.633291181	6.976659775	0	NaN
0.633302745	6.966105938	0	NaN
0.63331434	6.977787972	0	NaN
0.6333259	6.942968369	0	NaN
0.633337475	6.949412346	0	NaN
0.633349051	6.939123154	0	NaN
0.633360618	6.954648018	0	NaN
0.633372195	6.967757702	0	NaN
0.633383783	6.960661411	0	NaN
0.633395364	6.957707882	0	NaN
0.633406912	6.944093704	0	NaN
0.633418502	6.955065727	0	NaN
0.633430072	6.953435421	0	NaN
0.633441634	6.976277351	0	NaN
0.63345322	6.95085907	0	NaN
0.633464789	6.96876049	0	NaN
0.633476357	6.932193756	0	NaN
0.633487948	6.951972485	0	NaN
0.633499523	6.937926292	0	NaN
0.633511095	6.982350826	0	NaN
0.633522656	6.933514595	0	NaN
0.63353424	6.96336174	0	NaN
0.633545809	6.922744751	0	NaN
0.633557418	6.941330433	0	NaN
0.633568977	6.919735432	0	NaN
0.633580546	6.955117703	0	NaN
0.633592125	6.928619385	0	NaN
0.633603678	6.946592331	0	NaN
0.63361526	6.91744709	0	NaN
0.633626821	6.928807259	0	NaN
0.633638402	6.925907612	0	NaN
0.633649999	6.927235127	0	NaN
0.633661547	6.927671909	0	NaN
0.633673136	6.942340374	0	NaN
0.633684704	6.924179077	0	NaN
0.633696294	6.91305685	0	NaN
0.633707839	6.919445038	0	NaN
0.633719443	6.919815064	0	NaN
0.633730999	6.934587002	0	NaN
0.633742568	6.912186623	0	NaN
0.633754141	6.934866428	0	NaN
0.633765718	6.90382576	0	NaN
0.633777308	6.928759098	0	NaN
0.633788855	6.898187637	0	NaN
0.633800442	6.948984146	0	NaN
0.633812047	6.905471802	0	NaN
0.633823604	6.94324398	0	NaN
0.633835167	6.908922195	0	NaN
0.633846741	6.938628197	0	NaN
0.633858319	6.894518852	0	NaN
0.633869892	6.932088375	0	NaN
0.633881452	6.912848949	0	NaN
0.633893053	6.943941593	0	NaN
0.633904599	6.899619579	0	NaN
0.633916213	6.916977882	0	NaN
0.633927753	6.887041569	0	NaN
0.633939328	6.916646481	0	NaN
0.633950892	6.899887085	0	NaN
0.633962492	6.912222862	0	NaN
0.633974046	6.917035103	0	NaN
0.633985634	6.91974926	0	NaN
0.63399722	6.920256138	0	NaN
0.634008767	6.900743485	0	NaN
0.634020338	6.901258946	0	NaN
0.634031911	6.892693043	0	NaN
0.634043491	6.934269905	0	NaN
0.634055069	6.89520216	0	NaN
0.634066676	6.928891182	0	NaN
0.634078224	6.87772274	0	NaN
0.634089794	6.911999226	0	NaN
0.634101359	6.88691473	0	NaN
0.634112963	6.921212673	0	NaN
0.634124524	6.889246941	0	NaN
0.634136094	6.931516171	0	NaN
0.634147681	6.87903738	0	NaN
0.634159234	6.903401852	0	NaN
0.634170799	6.874363899	0	NaN
0.634182376	6.900887489	0	NaN
0.634193963	6.877619267	0	NaN
0.634205529	6.89618206	0	NaN
0.634217112	6.875102043	0	NaN
0.634228699	6.878553391	0	NaN
0.634240276	6.857717514	0	NaN
0.634251837	6.854301453	0	NaN
0.634263402	6.862920761	0	NaN
0.634274982	6.860650063	0	NaN
0.634286569	6.873363495	0	NaN
0.634298121	6.865521431	0	NaN
0.634309707	6.873428345	0	NaN
0.634321268	6.840112209	0	NaN
0.634332838	6.870299816	0	NaN
0.634344402	6.840522766	0	NaN
0.634356012	6.872396469	0	NaN
0.634367579	6.852270126	0	NaN
0.634379155	6.876038551	0	NaN
0.634390734	6.830869198	0	NaN
0.634402287	6.867573261	0	NaN
0.634413865	6.82817173	0	NaN
0.634425463	6.861780644	0	NaN
0.634437023	6.843414307	0	NaN
0.634448595	6.873441219	0	NaN
0.634460169	6.838994026	0	NaN
0.634471741	6.863788605	0	NaN
0.634483312	6.84131527	0	NaN
0.634494881	6.850762367	0	NaN
0.634506464	6.846865177	0	NaN
0.634518035	6.859793186	0	NaN
0.634529617	6.844388008	0	NaN
0.634541203	6.847782135	0	NaN
0.634552776	6.837260723	0	NaN
0.634564321	6.834442139	0	NaN
0.634575898	6.846387386	0	NaN
0.634587479	6.834672928	0	NaN
0.63459905	6.854682446	0	NaN
0.634610633	6.825285912	0	NaN
0.634622214	6.84871769	0	NaN
0.634633764	6.819105148	0	NaN
0.63464536	6.863071919	0	NaN
0.634656926	6.826012135	0	NaN
0.634668518	6.861310482	0	NaN
0.634680064	6.802223206	0	NaN
0.634691678	6.821924686	0	NaN
0.63470323	6.80825758	0	NaN
0.634714806	6.854976177	0	NaN
0.634726364	6.824417591	0	NaN
0.634737936	6.850993156	0	NaN
0.634749521	6.814771175	0	NaN
0.634761097	6.81968832	0	NaN
0.63477267	6.781591415	0	NaN
0.634784255	6.804722786	0	NaN
0.634795828	6.799154759	0	NaN
0.634807392	6.829977036	0	NaN
0.634818968	6.811898708	0	NaN
0.634830562	6.822534084	0	NaN
0.634842118	6.784531593	0	NaN
0.634853694	6.791159153	0	NaN
0.634865244	6.818270207	0	NaN
0.634876829	6.798978806	0	NaN
0.634888422	6.80973053	0	NaN
0.63489998	6.76870203	0	NaN
0.634911572	6.785860062	0	NaN
0.634923116	6.753192902	0	NaN
0.63493471	6.777614117	0	NaN
0.634946282	6.750000477	0	NaN
0.634957846	6.76536274	0	NaN
0.634969425	6.761416435	0	NaN
0.63498099	6.774607182	0	NaN
0.634992601	6.752520561	0	NaN
0.635004147	6.739230633	0	NaN
0.635015738	6.763046742	0	NaN
0.635027284	6.777266979	0	NaN
0.635038876	6.771157742	0	NaN
0.63505045	6.789850235	0	NaN
0.635062036	6.768829346	0	NaN
0.635073586	6.760775566	0	NaN
0.635085169	6.757136822	0	NaN
0.635096742	6.762082577	0	NaN
0.635108299	6.774608135	0	NaN
0.635119879	6.770119667	0	NaN
0.635131458	6.767439365	0	NaN
0.635143043	6.755270004	0	NaN
0.635154601	6.763931751	0	NaN
0.635166193	6.761382103	0	NaN
0.635177751	6.782391548	0	NaN
0.635189351	6.756580353	0	NaN
0.635200926	6.771674156	0	NaN
0.635212473	6.74603796	0	NaN
0.635224049	6.782897472	0	NaN
0.635235613	6.754383564	0	NaN
0.635247221	6.767821789	0	NaN
0.635258777	6.757740021	0	NaN
0.635270333	6.775900841	0	NaN
0.635281918	6.752949715	0	NaN
0.635293508	6.769227028	0	NaN
0.635305076	6.754078388	0	NaN
0.635316639	6.780218124	0	NaN
0.635328221	6.760691643	0	NaN
0.635339813	6.781661034	0	NaN
0.635351375	6.762900353	0	NaN
0.635362948	6.780044079	0	NaN
0.635374524	6.761683941	0	NaN
0.635386097	6.758832455	0	NaN
0.635397664	6.756165981	0	NaN
0.635409257	6.745942116	0	NaN
0.635420831	6.752901077	0	NaN
0.635432386	6.752324581	0	NaN
0.635443949	6.763763905	0	NaN
0.635455541	6.747982025	0	NaN
0.635467096	6.745847225	0	NaN
0.635478678	6.712982655	0	NaN
0.635490289	6.736049652	0	NaN
0.635501839	6.712357044	0	NaN
0.635513394	6.74111557	0	NaN
0.635524968	6.707668781	0	NaN
0.635536554	6.747074604	0	NaN
0.635548131	6.698953152	0	NaN
0.635559695	6.064502716	0	NaN
0.63557127	6.531897545	0	NaN
0.63558288	6.628480434	0	NaN
0.63559444	6.644637108	0	NaN
0.635605991	6.679270268	0	NaN
0.635617575	6.660978317	0	NaN
0.635629162	6.68777895	0	NaN
0.635640738	6.672427654	0	NaN
0.635652284	6.692245483	0	NaN	
0.63566387	6.687803745	0	NaN
0.635675441	6.699320793	0	NaN
0.635687024	6.708642006	0	NaN
0.635698606	6.716242313	0	NaN
0.635710168	6.702446461	0	NaN
0.635721741	6.701550961	0	NaN
0.635733311	6.69703579	0	NaN
0.635744886	6.683660507	0	NaN
0.635756481	6.699532986	0	NaN
0.63576804	6.695335388	0	NaN
0.635779601	6.732823849	0	NaN
0.635791191	6.708329678	0	NaN
0.635802761	6.726632118	0	NaN
0.635814325	6.693198204	0	NaN
0.635825912	6.712680817	0	NaN
0.635837469	6.679594517	0	NaN
0.63584907	6.714344978	0	NaN
0.635860626	6.687234402	0	NaN
0.635872198	6.734427929	0	NaN
0.635883775	6.674142361	0	NaN
0.63589534	6.7093606	0	NaN
0.635906953	6.668954849	0	NaN
0.635918518	6.68598032	0	NaN
0.635930077	6.662044525	0	NaN
0.635941647	6.703322411	0	NaN
0.635953218	6.688428879	0	NaN
0.635964797	6.71962595	0	NaN
0.635976359	6.70463419	0	NaN
0.635987935	6.71989727	0	NaN
0.635999518	6.704442501	0	NaN
0.63601109	6.728868008	0	NaN
0.636022684	6.721814632	0	NaN
0.636034226	6.731086254	0	NaN
0.636045818	6.741700172	0	NaN
0.636057383	6.737778187	0	NaN
0.636068978	6.741172791	0	NaN
0.636080532	6.719656944	0	NaN
0.63609212	6.723695278	0	NaN
0.636103686	6.708249092	0	NaN
0.636115261	6.743967056	0	NaN
0.636126841	6.703262806	0	NaN
0.636138404	6.75240612	0	NaN
0.636149974	6.707535744	0	NaN
0.636161544	6.733960152	0	NaN
0.636173123	6.683044434	0	NaN
0.636184696	6.728910923	0	NaN
0.636196307	6.69686985	0	NaN
0.636207854	6.735725403	0	NaN
0.636219431	6.703100681	0	NaN
0.636231011	6.745344639	0	NaN
0.636242581	6.690699577	0	NaN
0.636254152	6.719491005	0	NaN
0.636265728	6.698915482	0	NaN
0.636277283	6.726649761	0	NaN
0.636288878	6.709453106	0	NaN
0.636300439	6.73268652	0	NaN
0.636312043	6.721739769	0	NaN
0.636323591	6.729535103	0	NaN
0.636335168	6.718339443	0	NaN
0.636346733	6.69832468	0	NaN
0.636358316	6.709033012	0	NaN
0.636369892	6.689322472	0	NaN
0.636381471	6.732256889	0	NaN
0.636393045	6.71130085	0	NaN
0.63640463	6.737482548	0	NaN
0.636416174	6.689462662	0	NaN
0.636427774	6.699699402	0	NaN
0.636439352	6.673220635	0	NaN
0.636450898	6.688139916	0	NaN
0.636462496	6.655731201	0	NaN
0.636474047	6.717484474	0	NaN
0.636485628	6.683612347	0	NaN
0.636497191	6.701713085	0	NaN
0.636508774	6.6659832	0	NaN
0.636520348	6.697714329	0	NaN
0.636531935	6.646079063	0	NaN
0.636543513	6.696633816	0	NaN
0.636555073	6.677219391	0	NaN
0.636566633	6.710726738	0	NaN
0.63657823	6.688539982	0	NaN
0.636589811	6.713270664	0	NaN
0.636601379	6.679269791	0	NaN
0.636612962	6.679635048	0	NaN
0.636624536	6.677388191	0	NaN
0.636636109	6.674595833	0	NaN
0.636647657	6.687744141	0	NaN
0.636659232	6.675868034	0	NaN
0.636670816	6.688174725	0	NaN
0.636682403	6.654716492	0	NaN
0.636693948	6.659879208	0	NaN
0.636705543	6.649347305	0	NaN
0.636717107	6.720618725	0	NaN
0.636728683	6.676870346	0	NaN
0.636740262	6.726314545	0	NaN
0.636751836	6.664490223	0	NaN
0.636763392	6.700968742	0	NaN
0.636774983	6.649642468	0	NaN
0.636786549	6.697712421	0	NaN
0.636798131	6.653346062	0	NaN
0.636809689	6.718093395	0	NaN
0.63682128	6.662011623	0	NaN
0.636832838	6.704775333	0	NaN
0.636844415	6.667115212	0	NaN
0.636855991	6.667514801	0	NaN
0.636867568	6.644753456	0	NaN
0.636879155	6.67333889	0	NaN
0.636890718	6.65032053	0	NaN
0.636902293	6.676550388	0	NaN
0.636913878	6.676171303	0	NaN
0.636925444	6.659752369	0	NaN
0.63693703	6.676548004	0	NaN
0.636948622	6.637536049	0	NaN
0.636960181	6.662896156	0	NaN
0.636971729	6.649679184	0	NaN
0.636983312	6.682773113	0	NaN
0.636994895	6.644134522	0	NaN
0.63700646	6.707646847	0	NaN
0.637018034	6.636120796	0	NaN
0.637029601	6.670536041	0	NaN
0.637041184	6.596951008	0	NaN
0.637052764	6.643091202	0	NaN
0.637064349	6.609739304	0	NaN
0.637075913	6.677180767	0	NaN
0.637087473	6.631924152	0	NaN
0.637099057	6.664936066	0	NaN
0.637110636	6.618322849	0	NaN
0.637122195	6.650129318	0	NaN
0.637133769	6.612737179	0	NaN
0.637145348	6.65925169	0	NaN
0.637156952	6.645806313	0	NaN
0.637168499	6.660662174	0	NaN
0.637180091	6.65242815	0	NaN
0.637191648	6.656139374	0	NaN
0.637203221	6.641411305	0	NaN
0.637214808	6.637066364	0	NaN
0.637226366	6.645530701	0	NaN
0.637237943	6.631696701	0	NaN
0.637249504	6.665126801	0	NaN
0.637261079	6.632930756	0	NaN
0.637272677	6.655797958	0	NaN
0.637284226	6.620414257	0	NaN
0.637295803	6.638742924	0	NaN
0.637307386	6.604677677	0	NaN
0.637318987	6.659235477	0	NaN
0.637330526	6.619624138	0	NaN
0.637342108	6.682789803	0	NaN
0.637353673	6.606590271	0	NaN
0.63736526	6.653462887	0	NaN
0.637376832	6.594567776	0	NaN
0.637388408	6.644283295	0	NaN
0.637399986	6.598818779	0	NaN
0.637411569	6.64831686	0	NaN
0.637423117	6.600543022	0	NaN
0.637434706	6.622702122	0	NaN
0.637446271	6.608971119	0	NaN
0.637457867	6.605316639	0	NaN
0.637469441	6.59585762	0	NaN
0.637480985	6.617236614	0	NaN
0.637492561	6.609268665	0	NaN
0.637504155	6.617525578	0	NaN
0.637515713	6.631944656	0	NaN
0.637527285	6.615407944	0	NaN
0.637538886	6.632050037	0	NaN
0.637550433	6.59759903	0	NaN
0.637562024	6.625251293	0	NaN
0.637573583	6.581265926	0	NaN
0.637585164	6.635005951	0	NaN
0.637596753	6.599547386	0	NaN
0.637608311	6.652916431	0	NaN
0.637619885	6.602192402	0	NaN
0.637631467	6.640182972	0	NaN
0.637643033	6.573328495	0	NaN
0.63765461	6.618875027	0	NaN
0.637666188	6.572406292	0	NaN
0.637677749	6.632689476	0	NaN
0.637689327	6.591427803	0	NaN
0.637700899	6.632993221	0	NaN
0.637712499	6.598135471	0	NaN
0.637724045	6.640244007	0	NaN
0.637735637	6.579469681	0	NaN
0.637747201	6.611617565	0	NaN
0.637758767	6.592060566	0	NaN
0.637770343	6.60507679	0	NaN
0.637781932	6.58827877	0	NaN
0.637793486	6.599189282	0	NaN
0.637805086	6.598236561	0	NaN
0.637816646	6.571227551	0	NaN
0.637828237	6.588172436	0	NaN
0.63783979	6.580925942	0	NaN
0.637851368	6.605091572	0	NaN
0.637862942	6.575428963	0	NaN
0.637874535	6.628376961	0	NaN
0.637886079	6.577113152	0	NaN
0.637897679	6.60972023	0	NaN
0.637909238	6.557192326	0	NaN
0.637920809	6.620936394	0	NaN
0.637932375	6.561330795	0	NaN
0.637943981	6.629272938	0	NaN
0.637955524	6.569987774	0	NaN
0.637967128	6.640767574	0	NaN
0.637978685	6.569078922	0	NaN
0.637990248	6.616420269	0	NaN
0.638001851	6.556987286	0	NaN
0.638013403	6.608222008	0	NaN
0.638024984	6.578094959	0	NaN
0.63803654	6.614637375	0	NaN
0.638048114	6.584726811	0	NaN
0.638059699	6.612537384	0	NaN
0.638071271	6.587843418	0	NaN
0.638082853	6.582658291	0	NaN
0.638094417	6.579076767	0	NaN
0.638106	6.56776619	0	NaN
0.638117581	6.589134216	0	NaN
0.638129154	6.567415237	0	NaN
0.638140707	6.606921196	0	NaN
0.638152309	6.559108734	0	NaN
0.638163876	6.591199398	0	NaN
0.638175438	6.535831451	0	NaN
0.638187031	6.581001282	0	NaN
0.638198597	6.529349804	0	NaN
0.638210163	6.59348011	0	NaN
0.638221732	6.55525732	0	NaN
0.638233316	6.610658646	0	NaN
0.638244888	6.550955296	0	NaN
0.638256466	6.595096588	0	NaN
0.638268044	6.526474953	0	NaN
0.638279617	6.576699257	0	NaN
0.638291202	6.540281296	0	NaN
0.638302773	6.5928092	0	NaN
0.63831433	6.558964729	0	NaN
0.638325902	6.591849804	0	NaN
0.638337473	6.54394722	0	NaN
0.638349045	6.57191658	0	NaN
0.638360625	6.537596226	0	NaN
0.63837222	6.556110382	0	NaN
0.63838378	6.556449413	0	NaN
0.638395342	6.574121952	0	NaN
0.638406916	6.570901871	0	NaN
0.638418503	6.549872398	0	NaN
0.638430077	6.57242012	0	NaN
0.63844165	6.532035828	0	NaN
0.638453212	6.562132359	0	NaN
0.638464783	6.533491135	0	NaN
0.638476369	6.585639954	0	NaN
0.638487932	6.544233799	0	NaN
0.638499504	6.598222733	0	NaN
0.638511097	6.517952919	0	NaN
0.638522685	6.565832138	0	NaN
0.638534235	6.502985954	0	NaN
0.63854583	6.567089081	0	NaN
0.638557376	6.504731178	0	NaN
0.638568955	6.572566509	0	NaN
0.638580535	6.52149868	0	NaN
0.638592099	6.575128079	0	NaN
0.63860367	6.518926621	0	NaN
0.638615261	6.552354813	0	NaN
0.63862684	6.50639534	0	NaN
0.638638412	6.537340641	0	NaN
0.638649978	6.534665585	0	NaN
0.638661546	6.563261032	0	NaN
0.638673114	6.546225548	0	NaN
0.638684694	6.543933392	0	NaN
0.638696266	6.514751911	0	NaN
0.638707837	6.504319668	0	NaN
0.638719412	6.532804012	0	NaN
0.638730997	6.509345055	0	NaN
0.638742584	6.55446291	0	NaN
0.638754143	6.516564846	0	NaN
0.638765721	6.543470383	0	NaN
0.638777293	6.473217011	0	NaN
0.638788876	6.513127804	0	NaN
0.638800444	6.473323822	0	NaN
0.638812025	6.53038168	0	NaN
0.63882358	6.481700897	0	NaN
0.638835166	6.548216343	0	NaN
0.638846745	6.472169876	0	NaN
0.638858301	6.512144089	0	NaN
0.638869891	6.450232029	0	NaN
0.638881453	6.511623859	0	NaN
0.63889304	6.473493099	0	NaN
0.638904607	6.532700539	0	NaN
0.638916181	6.496047974	0	NaN
0.63892775	6.527069092	0	NaN
0.638939337	6.486193657	0	NaN
0.638950904	6.478150845	0	NaN
0.638962496	6.466332912	0	NaN
0.638974047	6.483298779	0	NaN
0.638985633	6.499007225	0	NaN
0.638997189	6.464506626	0	NaN
0.639008762	6.487600803	0	NaN
0.639020358	6.479643822	0	NaN
0.63903192	6.497321129	0	NaN
0.639043488	6.452266216	0	NaN
0.639055067	6.502377033	0	NaN
0.639066643	6.468346596	0	NaN
0.639078217	6.536519527	0	NaN
0.639089801	6.471397877	0	NaN
0.639101376	6.499261379	0	NaN
0.639112956	6.420182228	0	NaN
0.639124535	6.479380131	0	NaN
0.639136094	6.42980814	0	NaN
0.639147654	6.492558956	0	NaN
0.639159242	6.445988178	0	NaN
0.63917083	6.483278275	0	NaN
0.639182383	6.440495014	0	NaN
0.639193969	6.474809647	0	NaN
0.639205527	6.434712887	0	NaN
0.639217103	6.461780071	0	NaN
0.639228695	6.431620598	0	NaN
0.639240245	6.452318668	0	NaN
0.639251839	6.429708958	0	NaN
0.639263414	6.418040276	0	NaN
0.639274975	6.44048357	0	NaN
0.639286562	6.435161114	0	NaN
0.639298132	6.440767765	0	NaN
0.639309721	6.417028904	0	NaN
0.639321275	6.438633442	0	NaN
0.639332847	6.418293953	0	NaN
0.639344413	6.477143288	0	NaN
0.63935599	6.415341377	0	NaN
0.639367564	6.445220947	0	NaN
0.639379146	6.397421837	0	NaN
0.639390722	6.434354305	0	NaN
0.639402294	6.398672581	0	NaN
0.639413868	6.47121191	0	NaN
0.639425461	6.411344051	0	NaN
0.639437016	6.469585896	0	NaN
0.639448593	6.3964715	0	NaN
0.639460184	6.437000275	0	NaN
0.639471735	6.38008976	0	NaN
0.639483305	6.449402809	0	NaN
0.639494893	6.409286022	0	NaN
0.639506473	6.418050766	0	NaN
0.63951805	6.399764538	0	NaN
0.639529626	6.421726227	0	NaN
0.63954117	6.383933067	0	NaN
0.639552746	6.397172928	0	NaN
0.63956433	6.401821137	0	NaN
0.639575923	6.390382767	0	NaN
0.639587495	6.409627914	0	NaN
0.639599053	6.381758213	0	NaN
0.639610618	6.421584129	0	NaN
0.639622218	6.385471821	0	NaN
0.639633767	6.388577938	0	NaN
0.639645341	6.356790543	0	NaN
0.639656923	6.395889282	0	NaN
0.639668492	6.354186535	0	NaN
0.63968007	6.424377918	0	NaN
0.639691637	6.371083736	0	NaN
0.639703217	6.441590786	0	NaN
0.639714785	6.373980045	0	NaN
0.639726387	6.41245079	0	NaN
0.639737961	6.357055187	0	NaN
0.639749508	6.425167561	0	NaN
0.639761122	6.384409428	0	NaN
0.639772673	6.438421249	0	NaN
0.639784254	6.40290308	0	NaN
0.639795831	6.428868294	0	NaN
0.639807394	6.36202383	0	NaN
0.639818948	6.395824432	0	NaN
0.639830549	6.396085262	0	NaN
0.639842117	6.40137291	0	NaN
0.639853683	6.415661335	0	NaN
0.639865261	6.396171093	0	NaN
0.639876839	6.381357193	0	NaN
0.639888421	6.364916802	0	NaN
0.639899994	6.417362213	0	NaN
0.639911558	6.372914314	0	NaN
0.639923127	6.406113148	0	NaN
0.639934715	6.368710995	0	NaN
0.639946277	6.389874935	0	NaN
0.63995785	6.32490921	0	NaN
0.639969428	6.39455986	0	NaN
0.639981029	6.348627091	0	NaN
0.639992583	6.406551838	0	NaN
0.640004143	6.34129715	0	NaN
0.640015729	6.414786339	0	NaN
0.640027312	6.337731838	0	NaN
0.640038864	6.378405571	0	NaN
0.640050446	6.335799217	0	NaN
0.640062024	6.390782356	0	NaN
0.640073593	6.358447552	0	NaN
0.64008514	6.407407761	0	NaN
0.640096727	6.342311859	0	NaN
0.640108323	6.373580456	0	NaN
0.64011989	6.33392477	0	NaN
0.640131464	6.359751225	0	NaN
0.640143048	6.359958649	0	NaN
0.640154608	6.374251843	0	NaN
0.640166188	6.368360996	0	NaN
0.64017775	6.359844685	0	NaN
0.640189322	6.383668423	0	NaN
0.640200905	6.308044434	0	NaN
0.640212486	6.360880852	0	NaN
0.640224053	6.330714703	0	NaN
0.640235631	6.382380009	0	NaN
0.640247199	6.332805157	0	NaN
0.640258779	6.39236927	0	NaN
0.640270362	6.316211224	0	NaN
0.640281917	6.381853104	0	NaN
0.640293516	6.308339596	0	NaN
0.640305059	6.39434576	0	NaN
0.640316644	6.343061447	0	NaN
0.640328223	6.399470329	0	NaN
0.640339788	6.328624249	0	NaN
0.640351364	6.38302803	0	NaN
0.640362931	6.300922394	0	NaN
0.640374518	6.331281662	0	NaN
0.640386092	6.323206425	0	NaN
0.640397654	6.351153374	0	NaN
0.640409244	6.33708477	0	NaN
0.640420802	6.360272408	0	NaN
0.640432386	6.297274113	0	NaN
0.640443949	6.286846161	0	NaN
0.640455532	6.269804955	0	NaN
0.64046714	6.272467613	0	NaN
0.640478671	6.26004076	0	NaN
0.640490245	6.262614727	0	NaN
0.64050182	6.302384853	0	NaN
0.640513397	6.266165257	0	NaN
0.640524968	6.301620007	0	NaN
0.640536555	6.238877296	0	NaN
0.640548123	6.257369041	0	NaN
0.64055971	6.249230862	0	NaN
0.640571291	6.250655651	0	NaN
0.640582854	6.228075028	0	NaN
0.640594432	6.247130871	0	NaN
0.640606	6.200667858	0	NaN
0.640617561	6.223218441	0	NaN
0.640629121	6.163225174	0	NaN
0.640640723	6.194698811	0	NaN
0.640652308	6.202462673	0	NaN
0.640663885	6.210941315	0	NaN
0.640675463	6.226374149	0	NaN
0.640687016	6.226548672	0	NaN
0.640698584	6.236188412	0	NaN
0.640710153	6.222206593	0	NaN
0.640721729	6.214699268	0	NaN
0.640733317	6.203584671	0	NaN
0.640744886	6.234926224	0	NaN
0.640756478	6.234998703	0	NaN
0.640768028	6.257056236	0	NaN
0.6407796	6.212131023	0	NaN
0.640791189	6.259729862	0	NaN
0.640802762	6.200376034	0	NaN
0.64081433	6.268511772	0	NaN
0.6408259	6.236658573	0	NaN
0.640837482	6.311546803	0	NaN
0.640849063	6.236893177	0	NaN
0.640860641	6.28265667	0	NaN
0.640872203	6.225028038	0	NaN
0.640883765	6.267254829	0	NaN
0.640895358	6.211196423	0	NaN
0.640906912	6.323971748	0	NaN
0.640918492	6.250721455	0	NaN
0.640930089	6.329988957	0	NaN
0.640941642	6.284193516	0	NaN
0.640953236	6.319186688	0	NaN
0.640964794	6.237285137	0	NaN
0.640976375	6.290626526	0	NaN
0.640987949	6.254045963	0	NaN
0.64099951	6.300404072	0	NaN
0.641011109	6.286951542	0	NaN
0.641022652	6.299576759	0	NaN
0.64103424	6.27329731	0	NaN
0.64104581	6.251919746	0	NaN
0.641057383	6.281855583	0	NaN
0.641068982	6.258708477	0	NaN
0.641080543	6.309820652	0	NaN
0.641092122	6.26982832	0	NaN
0.641103681	6.297292233	0	NaN
0.641115282	6.231430531	0	NaN
0.641126862	6.290905476	0	NaN
0.641138421	6.251809597	0	NaN
0.64114997	6.310455322	0	NaN
0.641161562	6.237833977	0	NaN
0.641173124	6.309600353	0	NaN
0.641184693	6.242447853	0	NaN
0.641196262	6.248549461	0	NaN
0.641207851	6.200152874	0	NaN
0.641219434	6.253739834	0	NaN
0.641230991	6.205146313	0	NaN
0.641242593	6.268612862	0	NaN
0.641254159	6.247831345	0	NaN
0.641265722	6.278568745	0	NaN
0.641277312	6.223090649	0	NaN
0.641288856	6.266528606	0	NaN
0.641300451	6.237984181	0	NaN
0.641312016	6.271751404	0	NaN
0.641323598	6.274728775	0	NaN
0.641335172	6.245436668	0	NaN
0.641346729	6.243754864	0	NaN
0.641358308	6.211325645	0	NaN
0.641369887	6.232731342	0	NaN
0.641381449	6.220977306	0	NaN
0.641393037	6.287874222	0	NaN
0.641404641	6.216459751	0	NaN
0.641416179	6.279425621	0	NaN
0.641427757	6.183558941	0	NaN
0.641439323	6.209033489	0	NaN
0.641450907	6.166204453	0	NaN
0.641462487	6.260744572	0	NaN
0.641474065	6.196581364	0	NaN
0.64148564	6.278315067	0	NaN
0.641497201	6.18240118	0	NaN
0.641508779	6.233048916	0	NaN
0.641520359	6.149140835	0	NaN
0.641531928	6.24155426	0	NaN
0.641543491	6.205746651	0	NaN
0.641555068	6.282044411	0	NaN
0.64156665	6.230856895	0	NaN
0.641578236	6.259702206	0	NaN
0.641589795	6.201544285	0	NaN
0.641601387	6.210259914	0	NaN
0.641612933	6.212639332	0	NaN
0.641624511	6.223083019	0	NaN
0.641636091	6.219069481	0	NaN
0.641647655	6.214461327	0	NaN
0.641659227	6.250461102	0	NaN
0.641670833	6.183630467	0	NaN
0.641682418	6.221599579	0	NaN
0.641693957	6.166591644	0	NaN
0.641705532	6.241087914	0	NaN
0.641717108	6.188219547	0	NaN
0.641728672	6.246232033	0	NaN
0.641740252	6.172245026	0	NaN
0.641751851	6.1951437	0	NaN
0.641763423	6.128065109	0	NaN
0.641775011	6.211235046	0	NaN
0.641786546	6.156409264	0	NaN
0.641798133	6.247991562	0	NaN
0.641809713	6.169095993	0	NaN
0.641821274	6.221150875	0	NaN
0.64183285	6.136323929	0	NaN
0.641844424	6.18855381	0	NaN
0.641856006	6.15091753	0	NaN
0.641867567	6.216650486	0	NaN
0.641879158	6.184900761	0	NaN
0.641890708	6.216506958	0	NaN
0.641902298	6.178138733	0	NaN
0.641913875	6.157169342	0	NaN
0.641925433	6.164252281	0	NaN
0.641937021	6.168055058	0	NaN
0.641948595	6.192882538	0	NaN
0.641960158	6.145058155	0	NaN
0.641971731	6.166945934	0	NaN
0.641983301	6.097045898	0	NaN
0.641994886	6.134926796	0	NaN
0.642006468	6.099091053	0	NaN
0.642018027	6.164370537	0	NaN
0.642029613	6.115175247	0	NaN
0.642041182	6.18959856	0	NaN
0.642052782	6.115514755	0	NaN
0.642064328	6.141272068	0	NaN
0.642075899	6.072994709	0	NaN
0.642087485	6.145682335	0	NaN
0.642099046	6.072874069	0	NaN
0.642110626	6.146207333	0	NaN
0.642122205	6.117090702	0	NaN
0.642133767	6.158462048	0	NaN
0.642145338	6.082492352	0	NaN
0.64215694	6.119676113	0	NaN
0.642168523	6.088328838	0	NaN
0.642180077	6.085650444	0	NaN
0.642191648	6.113630772	0	NaN
0.642203238	6.126570225	0	NaN
0.642214815	6.128303528	0	NaN
0.642226355	6.109930515	0	NaN
0.642237939	6.103806019	0	NaN
0.642249516	6.062737942	0	NaN
0.642261097	6.123382092	0	NaN
0.642272667	6.08273077	0	NaN
0.642284248	6.165142059	0	NaN
0.64229583	6.100605965	0	NaN
0.642307365	6.149966717	0	NaN
0.642318967	6.069768906	0	NaN
0.64233054	6.114165783	0	NaN
0.642342096	6.047062397	0	NaN
0.642353673	6.123057365	0	NaN
0.64236527	6.050853252	0	NaN
0.642376843	6.127278805	0	NaN
0.642388423	6.070138454	0	NaN
0.642399969	6.144639492	0	NaN
0.642411545	6.064291477	0	NaN
0.64242312	6.112647533	0	NaN
0.642434694	6.065432549	0	NaN
0.642446279	6.114792347	0	NaN
0.642457838	6.103850365	0	NaN
0.642469422	6.132770538	0	NaN
0.642481001	6.115663528	0	NaN
0.642492571	6.109609604	0	NaN
0.642504164	6.075799465	0	NaN
0.642515706	6.061097622	0	NaN
0.642527307	6.088563442	0	NaN
0.642538876	6.062101841	0	NaN
0.642550439	6.099730492	0	NaN
0.642562014	6.05217123	0	NaN
0.64257358	6.083987713	0	NaN
0.642585172	6.009209633	0	NaN
0.642596746	6.045690537	0	NaN
0.642608315	5.982200623	0	NaN
0.642619907	6.072018623	0	NaN
